"File","Type","FrameworkPass","LinksPass","ImagesPass","SeoPass","Header","Footer","Routes","Navigation","Includes","TitleCount","H1Count","MetaDescription","Canonical","BrokenLinkCount","BrokenLinks","MissingImageCount","MissingImages","OverallPass"
"about\blog\how-to-build-a-solid-reputation-through-your-marketing-strategy\index.html","Blog","True","False","True","True","True","True","True","True","True","1","1","True","False","1"," https://www.drip.com/blog/marketing-automation/25-email-marketing-tips-for-beginners","0","","False"
"about\portfolio\a-dog-s-day-out\index.html","Portfolio","True","False","True","True","True","True","True","True","True","1","1","True","True","3","./industry/ | ./case-study.html?project= | ./case-study.html?project=","0","","False"
"about\portfolio\best-dental-website-designs\index.html","Portfolio","True","False","True","True","True","True","True","True","True","1","1","True","True","2","../ | ../","0","","False"
"about\portfolio\best-ecommerce-website-designs\index.html","Portfolio","True","False","True","True","True","True","True","True","True","1","1","True","True","2","../ | ../","0","","False"
"about\portfolio\best-law-firm-website-designs\index.html","Portfolio","True","False","True","True","True","True","True","True","True","1","1","True","True","2","../ | ../","0","","False"
"about\portfolio\best-restaurant-website-designs\index.html","Portfolio","True","False","True","True","True","True","True","True","True","1","1","True","True","2","../ | ../","0","","False"
"about\portfolio\best-roofing-website-designs\index.html","Portfolio","True","False","True","True","True","True","True","True","True","1","1","True","True","2","../ | ../","0","","False"
"about\portfolio\industry\automotive\index.html","Portfolio","True","False","True","True","True","True","True","True","True","1","1","True","True","8","../case-study.html?project=carwash-coupons | ../case-study.html?project=century-tire-inc | ../case-study.html?project=extreme-autoworks | ../case-study.html?project=carwash-coupons | ../case-study.html?project=century-tire-inc | ../case-study.html?project=extreme-autoworks | ../case-study.html?project=pork-chop-s-truck-and-auto | ../case-study.html?project=stephanie-ascari","0","","False"
"about\portfolio\industry\business\index.html","Portfolio","True","False","True","True","True","True","True","True","True","1","1","True","True","68","../case-study.html?project=all-go-transportation | ../case-study.html?project=andree-hudson-art | ../case-study.html?project=aspire-counseling | ../case-study.html?project=all-go-transportation | ../case-study.html?project=andree-hudson-art | ../case-study.html?project=aspire-counseling | ../case-study.html?project=aspire-hope-for-kids | ../case-study.html?project=board-game-republic | ../case-study.html?project=bruno-jambor | ../case-study.html?project=callahan-hayes | ../case-study.html?project=castle-rock | ../case-study.html?project=cowest-durango | ../case-study.html?project=ct-gasket | ../case-study.html?project=dads-of-parker | ../case-study.html?project=denver-issa | ../case-study.html?project=desert-empire | ../case-study.html?project=dominion-craftsman-services | ../case-study.html?project=dss-by-kat | ../case-study.html?project=dww | ../case-study.html?project=ed-prevost | ../case-study.html?project=epic-ivy | ../case-study.html?project=epleyer | ../case-study.html?project=express-shipping-room-supply | ../case-study.html?project=finding-the-fantastic | ../case-study.html?project=fine-arts-movement | ../case-study.html?project=fit-republic | ../case-study.html?project=fr-bumper-solutions | ../case-study.html?project=future-grasp | ../case-study.html?project=ghost-town-fitness | ../case-study.html?project=great-escape | ../case-study.html?project=has-tag-lab | ../case-study.html?project=hebert-investigations | ../case-study.html?project=hi-dessert-egg | ../case-study.html?project=housesketch | ../case-study.html?project=idt | ../case-study.html?project=insightifi | ../case-study.html?project=island-slider-guy | ../case-study.html?project=jack-lewis | ../case-study.html?project=karma-tour-hawaii | ../case-study.html?project=light-of-mine | ../case-study.html?project=linda-wang | ../case-study.html?project=little-caesars-pueblo | ../case-study.html?project=master-craft | ../case-study.html?project=meadow-hills | ../case-study.html?project=meditouch | ../case-study.html?project=molly-mulligan | ../case-study.html?project=mrad | ../case-study.html?project=okunade | ../case-study.html?project=parking-payment-validation-and-reservations | ../case-study.html?project=parkingboxx | ../case-study.html?project=partner-forces | ../case-study.html?project=perthes | ../case-study.html?project=photophobic-society-of-america | ../case-study.html?project=platinum-registration | ../case-study.html?project=pride-and-swagger | ../case-study.html?project=six-corners | ../case-study.html?project=southhall-investments | ../case-study.html?project=spring-fresh | ../case-study.html?project=sukoon | ../case-study.html?project=the-point | ../case-study.html?project=the-smilist | ../case-study.html?project=tipping-hat | ../case-study.html?project=trevey | ../case-study.html?project=turf-magic | ../case-study.html?project=vi-talderm-md | ../case-study.html?project=winston-c-throgmorton | ../case-study.html?project=yuma-airshow | ../case-study.html?project=z-xg","0","","False"
"about\portfolio\industry\dental\index.html","Portfolio","True","False","True","True","True","True","True","True","True","1","1","True","True","16","../case-study.html?project=benton-dental | ../case-study.html?project=dental-arts | ../case-study.html?project=dental-sleep-medicine | ../case-study.html?project=benton-dental | ../case-study.html?project=dental-arts | ../case-study.html?project=dental-sleep-medicine | ../case-study.html?project=dental-sleep-medicine-and-cranio-facial-pain | ../case-study.html?project=front-range-dentures | ../case-study.html?project=implant-excellence | ../case-study.html?project=liberty-lake-smile-source | ../case-study.html?project=miyazaki-dental | ../case-study.html?project=new-era-dental | ../case-study.html?project=peakview-dental | ../case-study.html?project=prosthoodontic-dentures | ../case-study.html?project=rostron-dental | ../case-study.html?project=washington-dental","0","","False"
"about\portfolio\industry\driving-school\index.html","Portfolio","True","False","True","True","True","True","True","True","True","1","1","True","True","18","../case-study.html?project=a-california-driving-school | ../case-study.html?project=aces-driving-school | ../case-study.html?project=driving-instructor-classes | ../case-study.html?project=a-california-driving-school | ../case-study.html?project=aces-driving-school | ../case-study.html?project=driving-instructor-classes | ../case-study.html?project=g-and-g-driving-school | ../case-study.html?project=homeland-driving-school-cavco-enterprises-inc | ../case-study.html?project=i-5-driving-school | ../case-study.html?project=inland-valley-driving-school | ../case-study.html?project=lake-elsinore-driving-school | ../case-study.html?project=menifee-driving-school | ../case-study.html?project=murrieta-driving-school | ../case-study.html?project=signal-driving-and-traffic-schools | ../case-study.html?project=sunday-driving-school | ../case-study.html?project=temecula-driving-school | ../case-study.html?project=treasure-valley-driving-school | ../case-study.html?project=vip-driving-schools","0","","False"
"about\portfolio\industry\education\index.html","Portfolio","True","False","True","True","True","True","True","True","True","1","1","True","True","6","../case-study.html?project=college-planning-coach | ../case-study.html?project=genius-coaching | ../case-study.html?project=your-college-planning-coach | ../case-study.html?project=college-planning-coach | ../case-study.html?project=genius-coaching | ../case-study.html?project=your-college-planning-coach","0","","False"
"about\portfolio\industry\electrical\index.html","Portfolio","True","False","True","True","True","True","True","True","True","1","1","True","True","2","../case-study.html?project=abdul-electric | ../case-study.html?project=abdul-electric","0","","False"
"about\portfolio\industry\energy\index.html","Portfolio","True","False","True","True","True","True","True","True","True","1","1","True","True","10","../case-study.html?project=bayou-solar | ../case-study.html?project=dig-for-energy | ../case-study.html?project=energy-performance-service | ../case-study.html?project=bayou-solar | ../case-study.html?project=dig-for-energy | ../case-study.html?project=energy-performance-service | ../case-study.html?project=houston-energy-systems | ../case-study.html?project=palm-bay-power-equipment | ../case-study.html?project=paw-power-agility-equipment | ../case-study.html?project=us-green","0","","False"
"about\portfolio\industry\healthcare\index.html","Portfolio","True","False","True","True","True","True","True","True","True","1","1","True","True","17","../case-study.html?project=atlee-care | ../case-study.html?project=axel-medical-transportation | ../case-study.html?project=ay-home-health-care | ../case-study.html?project=atlee-care | ../case-study.html?project=axel-medical-transportation | ../case-study.html?project=ay-home-health-care | ../case-study.html?project=building-better-breath | ../case-study.html?project=empathy-care | ../case-study.html?project=kenyon-homecare-consulting | ../case-study.html?project=mindful-minds-psychiatry | ../case-study.html?project=onestop-home-health-care | ../case-study.html?project=optimal-homecare | ../case-study.html?project=optimal-hospice | ../case-study.html?project=skin-care-essentials | ../case-study.html?project=stanleyview-home-care | ../case-study.html?project=tala-wellness | ../case-study.html?project=total-wellness-group","0","","False"
"about\portfolio\industry\home-care\index.html","Portfolio","True","False","True","True","True","True","True","True","True","1","1","True","True","2","../case-study.html?project=absolute-home-care | ../case-study.html?project=absolute-home-care","0","","False"
"about\portfolio\industry\home-services\index.html","Portfolio","True","False","True","True","True","True","True","True","True","1","1","True","True","24","../case-study.html?project=all-concrete-works-and-landscaping | ../case-study.html?project=beltway-home-inspections | ../case-study.html?project=building-better-transit | ../case-study.html?project=all-concrete-works-and-landscaping | ../case-study.html?project=beltway-home-inspections | ../case-study.html?project=building-better-transit | ../case-study.html?project=coastal-homes | ../case-study.html?project=curved-glass-creations | ../case-study.html?project=d-and-d-machinery-movers | ../case-study.html?project=denver-towing | ../case-study.html?project=frameless-shower-door | ../case-study.html?project=glass-act | ../case-study.html?project=great-west-restoration-colorado | ../case-study.html?project=great-west-restoration-colorado-agent | ../case-study.html?project=home-pro-chesapeake | ../case-study.html?project=inquiz-inspections | ../case-study.html?project=jk-hatcher-homes | ../case-study.html?project=mdt-transit | ../case-study.html?project=pantera-homes | ../case-study.html?project=phase-contracting | ../case-study.html?project=pompano-glass | ../case-study.html?project=redline-construction | ../case-study.html?project=superior-showers | ../case-study.html?project=tropical-remodel-solutions","0","","False"
"about\portfolio\industry\hvac\index.html","Portfolio","True","False","True","True","True","True","True","True","True","1","1","True","True","8","../case-study.html?project=air-techs-hvac | ../case-study.html?project=denver-s-best-heating | ../case-study.html?project=kasco-hvac | ../case-study.html?project=air-techs-hvac | ../case-study.html?project=denver-s-best-heating | ../case-study.html?project=kasco-hvac | ../case-study.html?project=midwest-appliance-and-hvac | ../case-study.html?project=wake-heating-and-air","0","","False"
"about\portfolio\industry\legal\index.html","Portfolio","True","False","True","True","True","True","True","True","True","1","1","True","True","9","../case-study.html?project=evans-legal-group | ../case-study.html?project=gangle-law-firm | ../case-study.html?project=kramarz-law | ../case-study.html?project=evans-legal-group | ../case-study.html?project=gangle-law-firm | ../case-study.html?project=kramarz-law | ../case-study.html?project=mountain-peak-law-group-llc | ../case-study.html?project=mountain-west-law-group | ../case-study.html?project=spector-law","0","","False"
"about\portfolio\industry\locksmith\index.html","Portfolio","True","False","True","True","True","True","True","True","True","1","1","True","True","6","../case-study.html?project=apex-denver-locksmith | ../case-study.html?project=cell-block | ../case-study.html?project=emergency-locksmith-denver | ../case-study.html?project=apex-denver-locksmith | ../case-study.html?project=cell-block | ../case-study.html?project=emergency-locksmith-denver","0","","False"
"about\portfolio\industry\nonprofit\index.html","Portfolio","True","False","True","True","True","True","True","True","True","1","1","True","True","10","../case-study.html?project=aid-the-children | ../case-study.html?project=cancer-with-courage | ../case-study.html?project=e-sports-foundation | ../case-study.html?project=aid-the-children | ../case-study.html?project=cancer-with-courage | ../case-study.html?project=e-sports-foundation | ../case-study.html?project=edmotnton-heritage-festival | ../case-study.html?project=humbold-couty-fair | ../case-study.html?project=mississippi-valley-fair | ../case-study.html?project=salinas-valley-fair","0","","False"
"about\portfolio\industry\pest-control\index.html","Portfolio","True","False","True","True","True","True","True","True","True","1","1","True","True","7","../case-study.html?project=absolute-pest-control-services | ../case-study.html?project=crest-pest-control | ../case-study.html?project=peace-of-mind-pest-services | ../case-study.html?project=absolute-pest-control-services | ../case-study.html?project=crest-pest-control | ../case-study.html?project=peace-of-mind-pest-services | ../case-study.html?project=pest-magic","0","","False"
"about\portfolio\industry\pet-services\index.html","Portfolio","True","False","True","True","True","True","True","True","True","1","1","True","True","10","../case-study.html?project=a-breed-apart-papillons | ../case-study.html?project=a-dog-s-day-out | ../case-study.html?project=a-pup-s-valley | ../case-study.html?project=a-breed-apart-papillons | ../case-study.html?project=a-dog-s-day-out | ../case-study.html?project=a-pup-s-valley | ../case-study.html?project=ace-pet-services | ../case-study.html?project=deannas-papillons | ../case-study.html?project=ebony-equines | ../case-study.html?project=granite-state-labradoodles","0","","False"
"about\portfolio\industry\plumbing\index.html","Portfolio","True","False","True","True","True","True","True","True","True","1","1","True","True","6","../case-study.html?project=american-sewer | ../case-study.html?project=carlock-plumbing | ../case-study.html?project=einstein-plumbing | ../case-study.html?project=american-sewer | ../case-study.html?project=carlock-plumbing | ../case-study.html?project=einstein-plumbing","0","","False"
"about\portfolio\industry\printing-and-graphics\index.html","Portfolio","True","False","True","True","True","True","True","True","True","1","1","True","True","9","../case-study.html?project=christy-root-designs | ../case-study.html?project=denver-sign-factory | ../case-study.html?project=integration-design | ../case-study.html?project=christy-root-designs | ../case-study.html?project=denver-sign-factory | ../case-study.html?project=integration-design | ../case-study.html?project=niagra-designs | ../case-study.html?project=style-savy-designs | ../case-study.html?project=summit-graphics","0","","False"
"about\portfolio\industry\professional-services\index.html","Portfolio","True","False","True","True","True","True","True","True","True","1","1","True","True","18","../case-study.html?project=360-sales-advantage | ../case-study.html?project=advanced-business-systems | ../case-study.html?project=alta-partners | ../case-study.html?project=360-sales-advantage | ../case-study.html?project=advanced-business-systems | ../case-study.html?project=alta-partners | ../case-study.html?project=benefits-matter | ../case-study.html?project=budget-control-services | ../case-study.html?project=cowest-insurance-group | ../case-study.html?project=cowest-insurance-service | ../case-study.html?project=firm-group | ../case-study.html?project=ironside-capital | ../case-study.html?project=m-communications | ../case-study.html?project=marcoa | ../case-study.html?project=obairagency | ../case-study.html?project=prime-life-benefits | ../case-study.html?project=speak-clear-communications | ../case-study.html?project=the-executive-center","0","","False"
"about\portfolio\industry\real-estate\index.html","Portfolio","True","False","True","True","True","True","True","True","True","1","1","True","True","6","../case-study.html?project=great-west-real-estate | ../case-study.html?project=lower-lake-ranch | ../case-study.html?project=manor-house-apartments | ../case-study.html?project=great-west-real-estate | ../case-study.html?project=lower-lake-ranch | ../case-study.html?project=manor-house-apartments","0","","False"
"about\portfolio\industry\restaurant\index.html","Portfolio","True","False","True","True","True","True","True","True","True","1","1","True","True","26","../case-study.html?project=2go-coconut | ../case-study.html?project=all-star-pizza | ../case-study.html?project=barbarians-cave-surf | ../case-study.html?project=2go-coconut | ../case-study.html?project=all-star-pizza | ../case-study.html?project=barbarians-cave-surf | ../case-study.html?project=barner-moving | ../case-study.html?project=chutney-indian-cuisine | ../case-study.html?project=colorado-creditor-bar-association | ../case-study.html?project=grin-and-barrett-charity-ride | ../case-study.html?project=haveli-indian-cuisine | ../case-study.html?project=island-cool-creams | ../case-study.html?project=mehak-denver | ../case-study.html?project=mehak-india-s-aroma | ../case-study.html?project=nirvana-indian-cuisine | ../case-study.html?project=roots-and-brew | ../case-study.html?project=sage-restaurant | ../case-study.html?project=simply-cupcakes-pasadena | ../case-study.html?project=sushi-and-co | ../case-study.html?project=tadka-indian-cuisine | ../case-study.html?project=zaika-broomfield | ../case-study.html?project=zaika-castle-rock | ../case-study.html?project=zaika-colorado-springs | ../case-study.html?project=zaika-express | ../case-study.html?project=zaika-indian-cuisine | ../case-study.html?project=zaika-littleton","0","","False"
"about\portfolio\industry\retail\index.html","Portfolio","True","False","True","True","True","True","True","True","True","1","1","True","True","4","../case-study.html?project=mile-high-books | ../case-study.html?project=the-chambers-of-tucson-mall | ../case-study.html?project=mile-high-books | ../case-study.html?project=the-chambers-of-tucson-mall","0","","False"
"about\portfolio\industry\roofing\index.html","Portfolio","True","False","True","True","True","True","True","True","True","1","1","True","True","4","../case-study.html?project=heritage-roofing | ../case-study.html?project=roof-ready | ../case-study.html?project=heritage-roofing | ../case-study.html?project=roof-ready","0","","False"
"about\portfolio\industry\salon-and-beauty\index.html","Portfolio","True","False","True","True","True","True","True","True","True","1","1","True","True","6","../case-study.html?project=brick-house-salon | ../case-study.html?project=carie-s-posing-suits | ../case-study.html?project=cass-and-company-salon | ../case-study.html?project=brick-house-salon | ../case-study.html?project=carie-s-posing-suits | ../case-study.html?project=cass-and-company-salon","0","","False"
"about\portfolio\industry\security\index.html","Portfolio","True","False","True","True","True","True","True","True","True","1","1","True","True","4","../case-study.html?project=blackbridge-defense | ../case-study.html?project=sniper-security | ../case-study.html?project=blackbridge-defense | ../case-study.html?project=sniper-security","0","","False"
"about\portfolio\industry\technology\index.html","Portfolio","True","False","True","True","True","True","True","True","True","1","1","True","True","8","../case-study.html?project=esports-epleyer | ../case-study.html?project=net-2-phone | ../case-study.html?project=smart-cell-phone-parts | ../case-study.html?project=esports-epleyer | ../case-study.html?project=net-2-phone | ../case-study.html?project=smart-cell-phone-parts | ../case-study.html?project=smart-wireless-parts | ../case-study.html?project=way-cool-gaming","0","","False"
"about\portfolio\industry\travel\index.html","Portfolio","True","False","True","True","True","True","True","True","True","1","1","True","True","6","../case-study.html?project=by-the-beach | ../case-study.html?project=deaf-vacation-cruise | ../case-study.html?project=vacation-rentals | ../case-study.html?project=by-the-beach | ../case-study.html?project=deaf-vacation-cruise | ../case-study.html?project=vacation-rentals","0","","False"
"about\portfolio\industry\water-treatment\index.html","Portfolio","True","False","True","True","True","True","True","True","True","1","1","True","True","9","../case-study.html?project=ariana-waterfall | ../case-study.html?project=good-water | ../case-study.html?project=hydro-dynamics | ../case-study.html?project=ariana-waterfall | ../case-study.html?project=good-water | ../case-study.html?project=hydro-dynamics | ../case-study.html?project=kinetico-denver | ../case-study.html?project=nola-water | ../case-study.html?project=thompson-water-media","0","","False"
"about\about-us.html","Core","True","False","True","True","True","True","True","True","True","1","1","True","False","24","../../about/portfolio/little-caesars-pueblo/index.html | ../../about/portfolio/little-caesars-pueblo/index.html | ../../about/portfolio/the-smilist/index.html | ../../about/portfolio/the-smilist/index.html | ../../about/portfolio/parkingboxx/index.html | ../../about/portfolio/parkingboxx/index.html | ../../about/portfolio/meadow-hills/index.html | ../../about/portfolio/meadow-hills/index.html | ../../about/portfolio/optimal-homecare/index.html | ../../about/portfolio/optimal-homecare/index.html | ../../about/portfolio/tipping-hat/index.html | ../../about/portfolio/tipping-hat/index.html | ../../about/portfolio/zaika-indian-cuisine/index.html | ../../about/portfolio/zaika-indian-cuisine/index.html | ../../about/portfolio/kinetico-denver/index.html | ../../about/portfolio/kinetico-denver/index.html | ../../about/portfolio/cowest-insurance-group/index.html | ../../about/portfolio/cowest-insurance-group/index.html | ../../about/portfolio/apex-denver-locksmith/index.html | ../../about/portfolio/apex-denver-locksmith/index.html | ../../about/portfolio/jk-hatcher-homes/index.html | ../../about/portfolio/jk-hatcher-homes/index.html | ../../about/portfolio/summit-graphics/index.html | ../../about/portfolio/summit-graphics/index.html","0","","False"
"about\blog.html","Core","True","False","True","True","True","True","True","True","True","1","1","True","False","113","../../about/blog/find-your-perfect-match-best-ai-software-for-small-businesses/index.html | ../../about/blog/find-your-perfect-match-best-ai-software-for-small-businesses/index.html | ../../about/blog/find-your-perfect-match-best-ai-software-for-small-businesses/index.html | ../../about/blog/responsive-websites-success/index.html | ../../about/blog/responsive-websites-success/index.html | ../../about/blog/how-to-get-a-higher-roi-on-your-advertising/index.html | ../../about/blog/how-to-get-a-higher-roi-on-your-advertising/index.html | ../../about/blog/advertising-methods-that-can-be-powerful-drivers-of-success/index.html | ../../about/blog/advertising-methods-that-can-be-powerful-drivers-of-success/index.html | ../../about/blog/what-types-of-outdoor-advertising-should-you-be-using/index.html | ../../about/blog/what-types-of-outdoor-advertising-should-you-be-using/index.html | ../../about/blog/how-to-become-a-better-problem-solver-in-your-business/index.html | ../../about/blog/how-to-become-a-better-problem-solver-in-your-business/index.html | ../../about/blog/why-you-need-to-be-an-expert-in-digital-marketing/index.html | ../../about/blog/why-you-need-to-be-an-expert-in-digital-marketing/index.html | ../../about/blog/how-local-businesses-can-get-the-word-out-about-their-brands/index.html | ../../about/blog/how-local-businesses-can-get-the-word-out-about-their-brands/index.html | ../../about/blog/online-video-platforms-every-business-should-be-using/index.html | ../../about/blog/online-video-platforms-every-business-should-be-using/index.html | ../../about/blog/how-to-connect-with-your-customers-and-form-lasting-relationships/index.html | ../../about/blog/how-to-connect-with-your-customers-and-form-lasting-relationships/index.html | ../../about/blog/common-misunderstandings-businesses-have-about-marketing/index.html | ../../about/blog/common-misunderstandings-businesses-have-about-marketing/index.html | ../../about/blog/what-is-seo-and-why-does-it-matter/index.html | ../../about/blog/what-is-seo-and-why-does-it-matter/index.html | ../../about/blog/signs-that-your-business-is-stuck-in-the-past/index.html | ../../about/blog/signs-that-your-business-is-stuck-in-the-past/index.html | ../../about/blog/common-threats-you-need-to-protect-your-website-against/index.html | ../../about/blog/common-threats-you-need-to-protect-your-website-against/index.html | ../../about/blog/features-that-will-help-you-market-your-restaurant-business/index.html | ../../about/blog/features-that-will-help-you-market-your-restaurant-business/index.html | ../../about/blog/3-tasks-that-help-build-your-digital-marketing-portfolio/index.html | ../../about/blog/3-tasks-that-help-build-your-digital-marketing-portfolio/index.html | ../../about/blog/how-small-businesses-can-protect-themselves-from-fraud/index.html | ../../about/blog/how-small-businesses-can-protect-themselves-from-fraud/index.html | ../../about/blog/marketing-strategies-you-should-be-using-more/index.html | ../../about/blog/marketing-strategies-you-should-be-using-more/index.html | ../../about/blog/how-to-turn-your-leads-into-reliable-customers/index.html | ../../about/blog/how-to-turn-your-leads-into-reliable-customers/index.html | ../../about/blog/how-to-achieve-a-greater-roi-on-your-marketing-campaign/index.html | ../../about/blog/how-to-achieve-a-greater-roi-on-your-marketing-campaign/index.html | ../../about/blog/how-to-get-the-exposure-you-need-for-your-website/index.html | ../../about/blog/how-to-get-the-exposure-you-need-for-your-website/index.html | ../../about/blog/marketing-channels-you-can-t-ignore/index.html | ../../about/blog/marketing-channels-you-can-t-ignore/index.html | ../../about/blog/how-to-earn-the-trust-of-your-customers/index.html | ../../about/blog/how-to-earn-the-trust-of-your-customers/index.html | ../../about/blog/tips-for-encouraging-people-to-return-to-your-website/index.html | ../../about/blog/tips-for-encouraging-people-to-return-to-your-website/index.html | ../../about/blog/i-have-a-business-website-now-what/index.html | ../../about/blog/i-have-a-business-website-now-what/index.html | ../../about/blog/what-you-need-to-keep-in-mind-when-building-a-new-website/index.html | ../../about/blog/what-you-need-to-keep-in-mind-when-building-a-new-website/index.html | ../../about/blog/how-to-turn-your-law-practice-into-a-household-name-locally/index.html | ../../about/blog/how-to-turn-your-law-practice-into-a-household-name-locally/index.html | ../../about/blog/creative-outdoor-advertising-methods-you-shouldn-t-miss-out-on/index.html | ../../about/blog/creative-outdoor-advertising-methods-you-shouldn-t-miss-out-on/index.html | ../../about/blog/what-customers-value-most-in-a-business/index.html | ../../about/blog/what-customers-value-most-in-a-business/index.html | ../../about/blog/website-features-you-can-t-be-without/index.html | ../../about/blog/website-features-you-can-t-be-without/index.html | ../../about/blog/how-your-company-can-dominate-a-keyword-on-google/index.html | ../../about/blog/how-your-company-can-dominate-a-keyword-on-google/index.html | ../../about/blog/how-to-market-your-restaurant-on-social-media/index.html | ../../about/blog/how-to-market-your-restaurant-on-social-media/index.html | ../../about/blog/how-to-build-a-solid-reputation-through-your-marketing-strategy/index.html | ../../about/blog/how-to-build-a-solid-reputation-through-your-marketing-strategy/index.html | ../../about/blog/gain-exposure-for-your-business-with-mapquest-business-listing/index.html | ../../about/blog/gain-exposure-for-your-business-with-mapquest-business-listing/index.html | ../../about/blog/local-seo-best-practices-for-2019-12-things-you-must-know/index.html | ../../about/blog/local-seo-best-practices-for-2019-12-things-you-must-know/index.html | ../../about/blog/how-information-technology-can-assist-with-online-business-success/index.html | ../../about/blog/how-information-technology-can-assist-with-online-business-success/index.html | ../../about/blog/what-to-know-before-you-partner-with-another-business-to-offer-deals/index.html | ../../about/blog/what-to-know-before-you-partner-with-another-business-to-offer-deals/index.html | ../../about/blog/4-things-that-will-increase-the-load-times-of-your-website/index.html | ../../about/blog/4-things-that-will-increase-the-load-times-of-your-website/index.html | ../../about/blog/5-saas-companies-your-business-should-know-about/index.html | ../../about/blog/5-saas-companies-your-business-should-know-about/index.html | ../../about/blog/why-java-is-the-language-to-learn-for-digital-marketers/index.html | ../../about/blog/why-java-is-the-language-to-learn-for-digital-marketers/index.html | ../../about/blog/how-to-make-content-your-customers-will-be-excited-to-read/index.html | ../../about/blog/how-to-make-content-your-customers-will-be-excited-to-read/index.html | ../../about/blog/5-tips-for-making-your-business-virtual/index.html | ../../about/blog/5-tips-for-making-your-business-virtual/index.html | ../../about/blog/how-aged-domains-rank-within-search-engines/index.html | ../../about/blog/how-aged-domains-rank-within-search-engines/index.html | ../../about/blog/how-customer-service-touches-every-aspect-of-your-business/index.html | ../../about/blog/how-customer-service-touches-every-aspect-of-your-business/index.html | ../../about/blog/5-ways-your-business-data-is-at-risk/index.html | ../../about/blog/5-ways-your-business-data-is-at-risk/index.html | ../../about/blog/5-ways-your-web-design-impacts-your-seo/index.html | ../../about/blog/5-ways-your-web-design-impacts-your-seo/index.html | ../../about/blog/the-battle-of-the-ads-google-vs-bing/index.html | ../../about/blog/the-battle-of-the-ads-google-vs-bing/index.html | ../../about/blog/how-effective-is-live-chat-on-your-website/index.html | ../../about/blog/how-effective-is-live-chat-on-your-website/index.html | ../../about/blog/website-personalization-and-why-is-it-so-important/index.html | ../../about/blog/website-personalization-and-why-is-it-so-important/index.html | ../../about/blog/why-email-marketing-is-still-important/index.html | ../../about/blog/why-email-marketing-is-still-important/index.html | ../../about/blog/is-wordpress-really-the-best-for-your-business/index.html | ../../about/blog/is-wordpress-really-the-best-for-your-business/index.html | ../../about/blog/the-importance-of-social-media-for-your-business/index.html | ../../about/blog/the-importance-of-social-media-for-your-business/index.html | ../../about/blog/google-adwords-vs-facebook-ads/index.html | ../../about/blog/google-adwords-vs-facebook-ads/index.html | ../../about/blog/personalize-your-website-and-increase-your-business-with-insite/index.html | ../../about/blog/personalize-your-website-and-increase-your-business-with-insite/index.html | ../../about/blog/a-video-review-by-laura-belgrave/index.html | ../../about/blog/a-video-review-by-laura-belgrave/index.html | ../../about/blog/domain-names-101/index.html | ../../about/blog/domain-names-101/index.html","0","","False"
"about\website-knowledge-base.html","Core","True","False","True","True","True","True","True","True","True","1","1","True","False","211","../../about/website-knowledge-base/dashboard-and-account/overview/account-dashboard/index.html | ../../about/website-knowledge-base/dashboard-and-account/overview/account-settings/index.html | ../../about/website-knowledge-base/dashboard-and-account/overview/site-dashboard/index.html | ../../about/website-knowledge-base/dashboard-and-account/overview/site-dashboard-site-audit/index.html | ../../about/website-knowledge-base/dashboard-and-account/overview/export-site-list-to-csv/index.html | ../../about/website-knowledge-base/dashboard-and-account/overview/save-views-of-site-list/index.html | ../../about/website-knowledge-base/website-builder/editor/side-panel-improvements-in-the-editor/index.html | ../../about/website-knowledge-base/website-builder/editor/editor-overview/index.html | ../../about/website-knowledge-base/website-builder/editor/editor-versions/index.html | ../../about/website-knowledge-base/website-builder/editor/how-to-identify-the-editor-version-your-site-uses/index.html | ../../about/website-knowledge-base/website-builder/editor/features-only-available-in-editor-2-0/index.html | ../../about/website-knowledge-base/website-builder/editor/blog/index.html | ../../about/website-knowledge-base/website-builder/editor/site-comments/index.html | ../../about/website-knowledge-base/website-builder/editor/site-theme/index.html | ../../about/website-knowledge-base/website-builder/editor/design-with-flexbox-technology/index.html | ../../about/website-knowledge-base/website-builder/editor/canvas-actions-and-options/index.html | ../../about/website-knowledge-base/website-builder/editor/screen-sizes-and-devices/index.html | ../../about/website-knowledge-base/website-builder/editor/manage-elements/index.html | ../../about/website-knowledge-base/website-builder/editor/outer-and-inner-spacing/index.html | ../../about/website-knowledge-base/website-builder/editor/custom-code/index.html | ../../about/website-knowledge-base/website-builder/editor/keyboard-shortcuts/index.html | ../../about/website-knowledge-base/website-builder/editor/system-requirements/index.html | ../../about/website-knowledge-base/website-builder/editor/launching-your-site-checklist/index.html | ../../about/website-knowledge-base/website-builder/publishing-sites/make-your-site-live-initial-steps-and-dns-record-setup/index.html | ../../about/website-knowledge-base/website-builder/publishing-sites/configure-alternate-domains/index.html | ../../about/website-knowledge-base/website-builder/publishing-sites/unpublish-a-site/index.html | ../../about/website-knowledge-base/website-builder/pages-and-popups/pages/index.html | ../../about/website-knowledge-base/website-builder/pages-and-popups/single-page-management/index.html | ../../about/website-knowledge-base/website-builder/pages-and-popups/popups/index.html | ../../about/website-knowledge-base/website-builder/pages-and-popups/personalization-rules/index.html | ../../about/website-knowledge-base/website-builder/pages-and-popups/membership/index.html | ../../about/website-knowledge-base/website-builder/pages-and-popups/custom-access-membership/index.html | ../../about/website-knowledge-base/website-builder/pages-and-popups/taxes-for-membership/index.html | ../../about/website-knowledge-base/website-builder/header-and-footer/headers/index.html | ../../about/website-knowledge-base/website-builder/header-and-footer/footer/index.html | ../../about/website-knowledge-base/website-builder/content/media-manager-libraries-and-pickers/index.html | ../../about/website-knowledge-base/website-builder/content/media-panel/index.html | ../../about/website-knowledge-base/website-builder/content/import-and-collect-content/index.html | ../../about/website-knowledge-base/website-builder/content/business-data/index.html | ../../about/website-knowledge-base/website-builder/content/media-guidelines-and-specifications/index.html | ../../about/website-knowledge-base/website-builder/content/image-editor/index.html | ../../about/website-knowledge-base/website-builder/content/media-terms-and-licensing/index.html | ../../about/website-knowledge-base/website-builder/content/color-picker/index.html | ../../about/website-knowledge-base/website-builder/content/element-backgrounds/index.html | ../../about/website-knowledge-base/website-builder/connected-data-and-dynamic-pages/dynamic-content-business-info-text-and-images/index.html | ../../about/website-knowledge-base/website-builder/connected-data-and-dynamic-pages/dynamic-content-dynamic-pages/index.html | ../../about/website-knowledge-base/website-builder/connected-data-and-dynamic-pages/dynamic-content-overview/index.html | ../../about/website-knowledge-base/website-builder/connected-data-and-dynamic-pages/dynamic-content-collections/index.html | ../../about/website-knowledge-base/website-builder/connected-data-and-dynamic-pages/dynamic-content-external-collections/index.html | ../../about/website-knowledge-base/website-builder/connected-data-and-dynamic-pages/dynamic-content-internal-collections/index.html | ../../about/website-knowledge-base/website-builder/connected-data-and-dynamic-pages/internal-collections-import-records-from-a-csv/index.html | ../../about/website-knowledge-base/website-builder/connected-data-and-dynamic-pages/dynamic-content-collections-for-regular-pages/index.html | ../../about/website-knowledge-base/website-builder/connected-data-and-dynamic-pages/dynamic-content-airtable-collections/index.html | ../../about/website-knowledge-base/website-builder/connected-data-and-dynamic-pages/dynamic-content-google-sheets-collections/index.html | ../../about/website-knowledge-base/website-builder/connected-data-and-dynamic-pages/dynamic-content-display-and-navigation-options-for-collection-records/index.html | ../../about/website-knowledge-base/website-builder/bookings/bookings-overview/index.html | ../../about/website-knowledge-base/website-builder/bookings/set-up-bookings/index.html | ../../about/website-knowledge-base/website-builder/bookings/manage-bookings/index.html | ../../about/website-knowledge-base/website-builder/bookings/bookings-faqs/index.html | ../../about/website-knowledge-base/website-builder/bookings/uninstall-bookings/index.html | ../../about/website-knowledge-base/website-builder/site-settings-and-performance/site-settings/index.html | ../../about/website-knowledge-base/website-builder/site-settings-and-performance/add-and-manage-multiple-languages/index.html | ../../about/website-knowledge-base/website-builder/site-settings-and-performance/set-a-default-site-language/index.html | ../../about/website-knowledge-base/website-builder/site-settings-and-performance/google-tools/index.html | ../../about/website-knowledge-base/website-builder/site-settings-and-performance/connect-and-sync-your-google-business-profile/index.html | ../../about/website-knowledge-base/website-builder/site-settings-and-performance/site-icons/index.html | ../../about/website-knowledge-base/website-builder/site-settings-and-performance/backup-sites/index.html | ../../about/website-knowledge-base/website-builder/site-settings-and-performance/load-site-in-an-iframe/index.html | ../../about/website-knowledge-base/website-builder/site-settings-and-performance/ssls-https/index.html | ../../about/website-knowledge-base/website-builder/site-settings-and-performance/facebook-tracking-pixels/index.html | ../../about/website-knowledge-base/website-builder/site-settings-and-performance/schema-markup/index.html | ../../about/website-knowledge-base/website-builder/site-settings-and-performance/url-redirects/index.html | ../../about/website-knowledge-base/website-builder/site-settings-and-performance/security-measures/index.html | ../../about/website-knowledge-base/website-builder/site-settings-and-performance/privacy-settings/index.html | ../../about/website-knowledge-base/website-builder/site-settings-and-performance/site-seo-aeo-settings/index.html | ../../about/website-knowledge-base/website-builder/site-settings-and-performance/built-in-site-optimization/index.html | ../../about/website-knowledge-base/website-builder/site-settings-and-performance/seo-key-concepts-and-tools/index.html | ../../about/website-knowledge-base/website-builder/site-settings-and-performance/site-performance-and-optimization/index.html | ../../about/website-knowledge-base/website-builder/site-settings-and-performance/core-web-vitals/index.html | ../../about/website-knowledge-base/website-builder/site-settings-and-performance/core-web-vitals-best-practices-site-performance-and-optimization/index.html | ../../about/website-knowledge-base/website-builder/site-settings-and-performance/core-web-vitals-faqs/index.html | ../../about/website-knowledge-base/website-builder/site-settings-and-performance/lighthouse-and-core-web-vitals-comparison/index.html | ../../about/website-knowledge-base/website-builder/site-settings-and-performance/site-configuration-files/index.html | ../../about/website-knowledge-base/website-builder/site-settings-and-performance/indexnow/index.html | ../../about/website-knowledge-base/website-builder/site-settings-and-performance/progressive-web-app-pwa/index.html | ../../about/website-knowledge-base/website-builder/site-settings-and-performance/general-data-protection-regulation-gdpr-compliance-information-and-resources/index.html | ../../about/website-knowledge-base/website-builder/site-settings-and-performance/the-california-consumer-privacy-act-of-2018-ccpa-compliance-information-and-resources/index.html | ../../about/website-knowledge-base/website-builder/ai-tools/ai-tools-overview/index.html | ../../about/website-knowledge-base/website-builder/ai-tools/ai-assistant-for-the-text-editor/index.html | ../../about/website-knowledge-base/website-builder/ai-tools/create-a-flex-section-with-ai/index.html | ../../about/website-knowledge-base/website-builder/ai-tools/generate-seo-content-with-ai/index.html | ../../about/website-knowledge-base/website-builder/ai-tools/generate-a-site-with-ai/index.html | ../../about/website-knowledge-base/website-builder/ai-tools/how-to-write-effective-ai-prompts/index.html | ../../about/website-knowledge-base/website-builder/edit-on-the-go/edit-on-the-go/index.html | ../../about/website-knowledge-base/website-builder/edit-on-the-go/site-stats-on-mobile/index.html | ../../about/website-knowledge-base/website-builder/edit-on-the-go/use-the-dashboard-on-mobile/index.html | ../../about/website-knowledge-base/website-builder/edit-on-the-go/edit-image-widgets-on-mobile/index.html | ../../about/website-knowledge-base/website-builder/edit-on-the-go/edit-image-slider-and-photo-gallery-widgets-on-mobile/index.html | ../../about/website-knowledge-base/website-builder/edit-on-the-go/edit-sites-on-a-tablet/index.html | ../../about/website-knowledge-base/website-builder/edit-on-the-go/edit-click-to-call-and-click-to-email-on-mobile/index.html | ../../about/website-knowledge-base/website-builder/edit-on-the-go/select-and-add-images-on-mobile/index.html | ../../about/website-knowledge-base/website-builder/edit-on-the-go/backup-publish-re-publish-and-unpublish-on-mobile/index.html | ../../about/website-knowledge-base/widgets/widget-overview/widgets-library-and-overview/index.html | ../../about/website-knowledge-base/widgets/widget-overview/blog-widgets-all-posts-and-recent-posts/index.html | ../../about/website-knowledge-base/widgets/widget-overview/blog-widgets-search-posts/index.html | ../../about/website-knowledge-base/widgets/widget-overview/link-picker/index.html | ../../about/website-knowledge-base/widgets/basic-widgets/widgets-accordion/index.html | ../../about/website-knowledge-base/widgets/basic-widgets/widgets-text-and-titles-headings/index.html | ../../about/website-knowledge-base/widgets/basic-widgets/widgets-button/index.html | ../../about/website-knowledge-base/widgets/basic-widgets/widgets-hamburger-menu/index.html | ../../about/website-knowledge-base/widgets/basic-widgets/widgets-breadcrumbs/index.html | ../../about/website-knowledge-base/widgets/basic-widgets/widgets-icon/index.html | ../../about/website-knowledge-base/widgets/basic-widgets/widgets-table/index.html | ../../about/website-knowledge-base/widgets/basic-widgets/widgets-navigation-links/index.html | ../../about/website-knowledge-base/widgets/basic-widgets/mega-menu/index.html | ../../about/website-knowledge-base/widgets/basic-widgets/widgets-text-image/index.html | ../../about/website-knowledge-base/widgets/basic-widgets/widgets-list/index.html | ../../about/website-knowledge-base/widgets/basic-widgets/widgets-tabs/index.html | ../../about/website-knowledge-base/widgets/basic-widgets/widgets-countdown/index.html | ../../about/website-knowledge-base/widgets/basic-widgets/widgets-copyright/index.html | ../../about/website-knowledge-base/widgets/basic-widgets/widgets-file-download-a-file-button/index.html | ../../about/website-knowledge-base/widgets/basic-widgets/widgets-spacer/index.html | ../../about/website-knowledge-base/widgets/media-widgets/widgets-audio/index.html | ../../about/website-knowledge-base/widgets/media-widgets/widgets-before-after/index.html | ../../about/website-knowledge-base/widgets/media-widgets/widgets-image/index.html | ../../about/website-knowledge-base/widgets/media-widgets/widgets-image-slider/index.html | ../../about/website-knowledge-base/widgets/media-widgets/widgets-lottie-animation/index.html | ../../about/website-knowledge-base/widgets/media-widgets/widgets-media-slider/index.html | ../../about/website-knowledge-base/widgets/media-widgets/media-widgets-photo-gallery/index.html | ../../about/website-knowledge-base/widgets/media-widgets/widgets-shape/index.html | ../../about/website-knowledge-base/widgets/media-widgets/widgets-video/index.html | ../../about/website-knowledge-base/widgets/business-widgets/widgets-business-hours/index.html | ../../about/website-knowledge-base/widgets/business-widgets/widgets-click-to-call/index.html | ../../about/website-knowledge-base/widgets/business-widgets/widgets-click-to-email/index.html | ../../about/website-knowledge-base/widgets/business-widgets/widgets-contact-forms/index.html | ../../about/website-knowledge-base/widgets/business-widgets/widgets-coupons/index.html | ../../about/website-knowledge-base/widgets/business-widgets/widgets-google-calendar/index.html | ../../about/website-knowledge-base/widgets/business-widgets/widgets-map/index.html | ../../about/website-knowledge-base/widgets/business-widgets/widgets-multi-location/index.html | ../../about/website-knowledge-base/widgets/business-widgets/widgets-online-scheduling-vcita/index.html | ../../about/website-knowledge-base/widgets/business-widgets/widgets-opentable-reservation-button/index.html | ../../about/website-knowledge-base/widgets/business-widgets/widgets-paypal-button/index.html | ../../about/website-knowledge-base/widgets/business-widgets/widgets-restaurant-menu/index.html | ../../about/website-knowledge-base/widgets/business-widgets/widgets-yelp-reviews/index.html | ../../about/website-knowledge-base/widgets/business-widgets/widgets-zoom/index.html | ../../about/website-knowledge-base/widgets/social-widgets/widgets-disqus-comments/index.html | ../../about/website-knowledge-base/widgets/social-widgets/widgets-facebook-comments/index.html | ../../about/website-knowledge-base/widgets/social-widgets/widgets-facebook-like/index.html | ../../about/website-knowledge-base/widgets/social-widgets/widgets-facebook-feed/index.html | ../../about/website-knowledge-base/widgets/social-widgets/widgets-rss-feeds/index.html | ../../about/website-knowledge-base/widgets/social-widgets/widgets-social-icons/index.html | ../../about/website-knowledge-base/widgets/advanced-widgets/widgets-advanced-forms/index.html | ../../about/website-knowledge-base/widgets/advanced-widgets/widgets-html/index.html | ../../about/website-knowledge-base/widgets/advanced-widgets/widgets-advanced-tabs/index.html | ../../about/website-knowledge-base/widgets/advanced-widgets/widgets-advanced-accordion/index.html | ../../about/website-knowledge-base/third-party-ecommerce/store-overview-and-set-up/store-overview-and-set-up/index.html | ../../about/website-knowledge-base/third-party-ecommerce/store-overview-and-set-up/ecommerce-getting-started-third-party-store/index.html | ../../about/website-knowledge-base/third-party-ecommerce/store-overview-and-set-up/how-to-add-a-store-third-party-store/index.html | ../../about/website-knowledge-base/third-party-ecommerce/store-overview-and-set-up/ecommerce-faqs-third-party-store/index.html | ../../about/website-knowledge-base/third-party-ecommerce/store-overview-and-set-up/store-plans-third-party-store/index.html | ../../about/website-knowledge-base/third-party-ecommerce/store-overview-and-set-up/remove-free-demo-store-third-party-store/index.html | ../../about/website-knowledge-base/third-party-ecommerce/add-and-manage-products-or-services/add-and-manage-products-or-services/index.html | ../../about/website-knowledge-base/third-party-ecommerce/add-and-manage-products-or-services/add-and-edit-products-in-the-store-third-party-store/index.html | ../../about/website-knowledge-base/third-party-ecommerce/add-and-manage-products-or-services/lowest-product-price-before-discounting-third-party-store/index.html | ../../about/website-knowledge-base/third-party-ecommerce/add-and-manage-products-or-services/import-products-to-your-store-third-party-store/index.html | ../../about/website-knowledge-base/third-party-ecommerce/add-and-manage-products-or-services/import-products-faqs-and-troubleshooting-third-party-store/index.html | ../../about/website-knowledge-base/third-party-ecommerce/add-and-manage-products-or-services/product-options-third-party-store/index.html | ../../about/website-knowledge-base/third-party-ecommerce/payments-and-orders/payments-and-orders/index.html | ../../about/website-knowledge-base/third-party-ecommerce/payments-and-orders/about-payment-options-third-party-store/index.html | ../../about/website-knowledge-base/third-party-ecommerce/payments-and-orders/online-payments-third-party-store/index.html | ../../about/website-knowledge-base/third-party-ecommerce/payments-and-orders/offline-payments-third-party-store/index.html | ../../about/website-knowledge-base/third-party-ecommerce/payments-and-orders/orders-third-party-store/index.html | ../../about/website-knowledge-base/third-party-ecommerce/payments-and-orders/edit-orders-third-party-store/index.html | ../../about/website-knowledge-base/third-party-ecommerce/shipping-and-delivery/shipping-and-delivery/index.html | ../../about/website-knowledge-base/third-party-ecommerce/shipping-and-delivery/shipping-third-party-store/index.html | ../../about/website-knowledge-base/third-party-ecommerce/shipping-and-delivery/shipping-options-third-party-store/index.html | ../../about/website-knowledge-base/third-party-ecommerce/shipping-and-delivery/shipping-faqs-third-party-store/index.html | ../../about/website-knowledge-base/third-party-ecommerce/shipping-and-delivery/buy-and-print-shipping-labels-third-party-store/index.html | ../../about/website-knowledge-base/third-party-ecommerce/shipping-and-delivery/inventory-tracking-third-party-store/index.html | ../../about/website-knowledge-base/third-party-ecommerce/sales-channels-and-reports/basic-reports-and-sales-stats-third-party-store/index.html | ../../about/website-knowledge-base/third-party-ecommerce/sales-channels-and-reports/connect-product-catalog-to-tiktok-third-party-store/index.html | ../../about/website-knowledge-base/third-party-ecommerce/sales-channels-and-reports/marketplaces-third-party-store/index.html | ../../about/website-knowledge-base/third-party-ecommerce/sales-channels-and-reports/store-app-market-third-party-store/index.html | ../../about/website-knowledge-base/third-party-ecommerce/sales-channels-and-reports/sell-on-facebook-third-party-store/index.html | ../../about/website-knowledge-base/third-party-ecommerce/sales-channels-and-reports/reconnect-facebook-to-store-third-party-store/index.html | ../../about/website-knowledge-base/third-party-ecommerce/manage-customers/add-a-store-login-third-party-store/index.html | ../../about/website-knowledge-base/third-party-ecommerce/manage-customers/customer-groups-third-party-store/index.html | ../../about/website-knowledge-base/third-party-ecommerce/manage-customers/email-notifications-third-party-store/index.html | ../../about/website-knowledge-base/third-party-ecommerce/manage-customers/request-customer-approval-for-promo-emails-third-party-store/index.html | ../../about/website-knowledge-base/third-party-ecommerce/manage-customers/send-automated-marketing-emails-third-party-store/index.html | ../../about/website-knowledge-base/third-party-ecommerce/manage-customers/strong-customer-authentication-sca-third-party-store/index.html | ../../about/website-knowledge-base/native-ecommerce/store-set-up-and-overview/native-store-overview/index.html | ../../about/website-knowledge-base/native-ecommerce/store-set-up-and-overview/add-or-remove-native-store/index.html | ../../about/website-knowledge-base/native-ecommerce/store-set-up-and-overview/how-to-create-an-online-store-with-native-ecommerce/index.html | ../../about/website-knowledge-base/native-ecommerce/store-set-up-and-overview/how-do-i-know-if-i-am-using-native-ecommerce-or-third-party-ecommerce/index.html | ../../about/website-knowledge-base/native-ecommerce/store-set-up-and-overview/native-ecommerce-and-third-party-ecommerce-comparison/index.html | ../../about/website-knowledge-base/native-ecommerce/store-set-up-and-overview/native-store-business-information/index.html | ../../about/website-knowledge-base/native-ecommerce/products-and-services/products-in-native-store/index.html | ../../about/website-knowledge-base/native-ecommerce/products-and-services/import-export-and-update-products-in-native-store/index.html | ../../about/website-knowledge-base/native-ecommerce/products-and-services/subscriptions-in-native-store/index.html | ../../about/website-knowledge-base/native-ecommerce/products-and-services/google-merchant-center-for-native-store/index.html | ../../about/website-knowledge-base/native-ecommerce/payment-taxes-and-orders/payment-in-native-store/index.html | ../../about/website-knowledge-base/native-ecommerce/payment-taxes-and-orders/taxes-in-native-store/index.html | ../../about/website-knowledge-base/native-ecommerce/payment-taxes-and-orders/orders-in-native-store/index.html | ../../about/website-knowledge-base/native-ecommerce/shipping-pickup-and-delivery/shipping-and-pickup-in-native-store/index.html | ../../about/website-knowledge-base/native-ecommerce/customer-management/site-contacts-in-native-store/index.html | ../../about/website-knowledge-base/native-ecommerce/customer-management/abandoned-carts-in-native-store/index.html | ../../about/website-knowledge-base/native-ecommerce/customer-management/native-store-emails/index.html | ../../about/website-knowledge-base/native-ecommerce/bookings/bookings-overview/index.html | ../../about/website-knowledge-base/native-ecommerce/bookings/set-up-bookings/index.html | ../../about/website-knowledge-base/native-ecommerce/bookings/manage-bookings/index.html","0","","False"
"about\widget-knowledge-base.html","Core","True","False","True","True","True","True","True","True","True","1","1","True","False","52","../../about/widget-knowledge-base/back-to-top-widget/index.html | ../../about/widget-knowledge-base/clock-widget/index.html | ../../about/widget-knowledge-base/collapsible-boxes-widget/index.html | ../../about/widget-knowledge-base/count-up-widget/index.html | ../../about/widget-knowledge-base/current-date-widget/index.html | ../../about/widget-knowledge-base/sticky-button-widget/index.html | ../../about/widget-knowledge-base/tabs-layout-widget/index.html | ../../about/widget-knowledge-base/typewriter-text-widget/index.html | ../../about/widget-knowledge-base/3d-carousel-widget/index.html | ../../about/widget-knowledge-base/advanced-image-slider-widget/index.html | ../../about/widget-knowledge-base/carousel-slider-widget/index.html | ../../about/widget-knowledge-base/comparison-slider-widget/index.html | ../../about/widget-knowledge-base/filter-photo-gallery-widget/index.html | ../../about/widget-knowledge-base/flip-book-widget/index.html | ../../about/widget-knowledge-base/hover-image-widget/index.html | ../../about/widget-knowledge-base/image-shapes-widget/index.html | ../../about/widget-knowledge-base/popup-carousel-widget/index.html | ../../about/widget-knowledge-base/product-slider-widget/index.html | ../../about/widget-knowledge-base/video-carousel-widget/index.html | ../../about/widget-knowledge-base/video-grid-widget/index.html | ../../about/widget-knowledge-base/ada-accessibility-widget/index.html | ../../about/widget-knowledge-base/age-verification-widget/index.html | ../../about/widget-knowledge-base/calendar-widget/index.html | ../../about/widget-knowledge-base/countdown-clock-widget/index.html | ../../about/widget-knowledge-base/click-to-text-widget/index.html | ../../about/widget-knowledge-base/dropdown-selector-widget/index.html | ../../about/widget-knowledge-base/google-reviews-widget/index.html | ../../about/widget-knowledge-base/price-slider-widget/index.html | ../../about/widget-knowledge-base/pricing-table-widget/index.html | ../../about/widget-knowledge-base/store-finder-widget/index.html | ../../about/widget-knowledge-base/store-location-widget/index.html | ../../about/widget-knowledge-base/table-creator-widget/index.html | ../../about/widget-knowledge-base/testimonial-slider-widget/index.html | ../../about/widget-knowledge-base/eventbrite-events-widget/index.html | ../../about/widget-knowledge-base/twitter-feed-widget/index.html | ../../about/widget-knowledge-base/facebook-feed-widget/index.html | ../../about/widget-knowledge-base/facebook-messenger-widget/index.html | ../../about/widget-knowledge-base/google-calendar-widget/index.html | ../../about/widget-knowledge-base/social-share-widget/index.html | ../../about/widget-knowledge-base/sticky-social-icons-widget/index.html | ../../about/widget-knowledge-base/side-menu-widget/index.html | ../../about/widget-knowledge-base/bottom-menu-widget/index.html | ../../about/widget-knowledge-base/animate-content-widget/index.html | ../../about/widget-knowledge-base/duda-api-widget/index.html | ../../about/widget-knowledge-base/duda-templates-widget/index.html | ../../about/widget-knowledge-base/elastic-search-widget/index.html | ../../about/widget-knowledge-base/mega-menus-widget/index.html | ../../about/widget-knowledge-base/section-separator-widget/index.html | ../../about/widget-knowledge-base/stripe-payment-widget/index.html | ../../about/widget-knowledge-base/tab-slider-widget/index.html | ../../about/widget-knowledge-base/property-listing-widget/index.html | ../../about/widget-knowledge-base/interactive-map-widget/index.html","0","","False"
"addons\website-app-store.html","Core","True","False","True","True","True","True","True","True","True","1","1","True","False","62","../../addons/website-app-store/termly/index.html | ../../addons/website-app-store/common-ninja-ai-chatbot/index.html | ../../addons/website-app-store/cloud-campaign/index.html | ../../addons/website-app-store/simplybook-me/index.html | ../../addons/website-app-store/vcita/index.html | ../../addons/website-app-store/uberall/index.html | ../../addons/website-app-store/accessibility-by-audioeye/index.html | ../../addons/website-app-store/site-search-360/index.html | ../../addons/website-app-store/paperform/index.html | ../../addons/website-app-store/membership/index.html | ../../addons/website-app-store/termageddon/index.html | ../../addons/website-app-store/movylo/index.html | ../../addons/website-app-store/amp-faster-websites/index.html | ../../addons/website-app-store/web-stories/index.html | ../../addons/website-app-store/charts-graphs/index.html | ../../addons/website-app-store/accessibility-by-userway/index.html | ../../addons/website-app-store/calculator-builder/index.html | ../../addons/website-app-store/comparison-tables/index.html | ../../addons/website-app-store/subscribers-web-push-notifications/index.html | ../../addons/website-app-store/rss-social-media-stream/index.html | ../../addons/website-app-store/embedreviews/index.html | ../../addons/website-app-store/embedfeed/index.html | ../../addons/website-app-store/announcements-changelog/index.html | ../../addons/website-app-store/hellobar-targeted-pop-ups/index.html | ../../addons/website-app-store/chatfully/index.html | ../../addons/website-app-store/image-hotspot/index.html | ../../addons/website-app-store/audio-player/index.html | ../../addons/website-app-store/agentz-ai/index.html | ../../addons/website-app-store/whatsapp-chat-buttons/index.html | ../../addons/website-app-store/tockify-events-calendar/index.html | ../../addons/website-app-store/seo-opportunities/index.html | ../../addons/website-app-store/bablic/index.html | ../../addons/website-app-store/woorank/index.html | ../../addons/website-app-store/owwlish-online-courses/index.html | ../../addons/website-app-store/all-in-one-widget-suite/index.html | ../../addons/website-app-store/bookafy/index.html | ../../addons/website-app-store/upmenu/index.html | ../../addons/website-app-store/book-like-a-boss/index.html | ../../addons/website-app-store/automated-product-labels-badges/index.html | ../../addons/website-app-store/automated-customer-reviews/index.html | ../../addons/website-app-store/springtime/index.html | ../../addons/website-app-store/chatway-live-chat/index.html | ../../addons/website-app-store/plum-popup-builder/index.html | ../../addons/website-app-store/zip-buy-now-pay-later/index.html | ../../addons/website-app-store/splitit/index.html | ../../addons/website-app-store/abandoned-cart-recovery-by-monto/index.html | ../../addons/website-app-store/affiliates-by-monto/index.html | ../../addons/website-app-store/crm-by-monto/index.html | ../../addons/website-app-store/currency-converter-by-monto/index.html | ../../addons/website-app-store/product-reviews-by-monto/index.html | ../../addons/website-app-store/simplyprofit/index.html | ../../addons/website-app-store/common-ninja-google-reviews/index.html | ../../addons/website-app-store/common-ninja-all-in-one-reviews/index.html | ../../addons/website-app-store/octotable/index.html | ../../addons/website-app-store/clawdia-ai/index.html | ../../addons/website-app-store/iubenda/index.html | ../../addons/website-app-store/usercentrics/index.html | ../../addons/website-app-store/countdown-timer-bar/index.html | ../../addons/website-app-store/contact-forms-builder/index.html | ../../addons/website-app-store/age-verification-age-gate-18/index.html | ../../addons/website-app-store/customer-testimonials/index.html | ../../addons/website-app-store/chatwith-whatsapp-widget/index.html","0","","False"
"assets\includes\footer.html","Other","False","False","True","False","False","False","False","False","False","0","0","False","False","26","/about/portfolio/ | /design/website-design/ | /design/ecommerce/ | /design/logo-design/ | /design/graphic-design/ | /design/branding/ | /marketing/local-seo/ | /marketing/national-seo/ | /marketing/aeo/ | /marketing/email-marketing/ | /marketing/gmb/ | /digital-ads/google-advertising/ | /digital-ads/microsoft-advertising/ | /digital-ads/social-media-advertising/ | /digital-ads/local-services-advertising/ | /digital-ads/television-advertising/ | /about/portfolio/ | /about/blog/ | /about/faq/ | /about/website-knowledge-base/ | /about/how-to-videos/ | /industries/healthcare/ | /industries/ecommerce/ | /privacy-policy/index.html | /terms/index.html | /sitemap.xml","0","","False"
"contact\index.html","Core","True","False","True","True","True","True","True","True","True","1","1","True","False","2","../about/website-knowledge-base/index.html | ../about/widget-knowledge-base/index.html","0","","False"
"design\branding.html","Core","True","False","True","True","True","True","True","True","True","1","1","True","False","4","../../contact/index.html?service=Branding | ../../contact/index.html?service=Brand%20Refresh | ../../contact/index.html?service=Identity%20System | ../../contact/index.html?service=Branding","0","","False"
"design\graphic-design.html","Core","True","False","True","True","True","True","True","True","True","1","1","True","False","1","../../marketing/index.html","0","","False"
"includes\footer.html","Include","True","False","True","True","False","False","False","False","False","0","0","False","False","3","/privacy-policy/index.html | /terms/index.html | /sitemap.xml","0","","False"
"pages\about-blog-how-to-build-a-solid-reputation-through-your-marketing-strategy.html","Blog","True","False","True","True","True","True","True","True","True","1","1","True","False","1"," https://www.drip.com/blog/marketing-automation/25-email-marketing-tips-for-beginners","0","","False"
"pages\about-portfolio-case-study.before-tag-render-fix.html","Portfolio","True","False","True","False","True","True","True","True","True","1","2","True","True","7","./case-study.html?project= | ./index.html | ./index.html | ./index.html | ./case-study.html?project= | ./index.html | ./case-study.html?project=","0","","False"
"pages\about-portfolio-case-study.html","Portfolio","True","False","True","False","True","True","True","True","True","1","2","True","True","7","./case-study.html?project= | ./index.html | ./index.html | ./index.html | ./case-study.html?project= | ./index.html | ./case-study.html?project=","0","","False"
